"Path","Platform","Compiled","Cooked","Permutations","Compiletime","CompiledDouble","CookedDouble"
"/Game/StarterContent/Materials/M_Basic_Wall.M_Basic_Wall","0","3","3","1","0.000000","0","3"
"/Game/StarterContent/Materials/M_Cubo_Translucido.M_Cubo_Translucido","0","6","6","1","7.477676","0","6"
"/Game/LevelPrototyping/Materials/M_Solid.M_Solid","0","6","6","1","0.000000","0","6"
"/Game/levels/Brillante.Brillante","0","3","3","1","2.282732","0","3"
"/Game/StylizedRocksLite_JC/Materials/M_StylizedRocks_BG.M_StylizedRocks_BG","0","3","3","1","5.213774","0","3"
"/Game/StarterContent/Materials/M_Brick_Clay_Old.M_Brick_Clay_Old","0","3","3","1","7.171021","0","3"
"/Game/StarterContent/Materials/M_AssetPlatform.M_AssetPlatform","0","3","3","1","3.854630","0","3"
"/Game/StarterContent/Materials/M_Glass.M_Glass","0","8","8","1","38.856728","0","8"
"/Game/StarterContent/Materials/M_Basic_Floor.M_Basic_Floor","0","3","3","1","3.132035","0","3"
"/Game/StarterContent/Blueprints/Assets/M_LightStage_Arrows.M_LightStage_Arrows","0","2","2","1","1.593388","0","2"
"/Game/Fab/Door/Handles.Handles","0","3","3","1","2.473972","0","3"
"/Game/Fab/Door/Wood_002.Wood_002","0","3","3","1","6.889793","0","3"
"/Engine/EditorMeshes/ColorCalibrator/M_ChromeBall.M_ChromeBall","0","6","6","1","7.140704","0","6"
"/Fab/Materials/Standard/M_MS_Base.M_MS_Base","0","11","12","1","0.000000","11","144"
"/Fab/Materials/Standard/M_MS_Base_Fuzz.M_MS_Base_Fuzz","0","11","12","1","15.031863","11","36"
"/Game/LevelPrototyping/Materials/M_PrototypeGrid.M_PrototypeGrid","0","9","9","3","0.000000","0","12"
"/Engine/EditorMeshes/ColorCalibrator/M_ClearCoatBlack.M_ClearCoatBlack","0","3","3","1","3.133190","0","3"
"/Engine/EditorMeshes/ColorCalibrator/M_ClearCoat.M_ClearCoat","0","3","3","1","3.508799","0","3"
"/Engine/EditorMeshes/ColorCalibrator/M_GreyBall.M_GreyBall","0","6","6","1","7.202581","0","6"
"/MeshModelingToolset/Materials/M_DynamicMeshComponentVtxColor.M_DynamicMeshComponentVtxColor","0","0","9","1","0.000000","0","0"
"/ControlRig/Controls/ControlRigGizmoMaterial.ControlRigGizmoMaterial","0","0","2","1","0.000000","0","0"
"/Engine/EditorMaterials/PhAT_UnselectedMaterial.PhAT_UnselectedMaterial","0","0","3","1","0.000000","0","0"
"/Engine/EngineMaterials/GizmoMaterial.GizmoMaterial","0","0","6","1","0.000000","0","0"
"/Engine/EngineDebugMaterials/DebugMeshMaterial.DebugMeshMaterial","0","0","5","1","0.000000","0","0"
"/Engine/EditorMaterials/Dataflow/DataflowTwoSidedVertexMaterial.DataflowTwoSidedVertexMaterial","0","0","14","1","0.000000","0","0"
"/Engine/EditorMaterials/Dataflow/DataflowVertexMaterial.DataflowVertexMaterial","0","0","6","1","0.000000","0","0"
"/Engine/BasicShapes/BasicShapeMaterial.BasicShapeMaterial","0","0","9","1","0.000000","0","0"
"/Engine/EditorMaterials/PhAT_NoCollisionMaterial.PhAT_NoCollisionMaterial","0","0","3","1","0.000000","0","0"
"/Engine/EngineMaterials/RemoveSurfaceMaterial.RemoveSurfaceMaterial","0","0","2","1","0.000000","0","0"
"/Engine/EngineMaterials/NaniteHiddenSectionMaterial.NaniteHiddenSectionMaterial","0","0","14","1","0.000000","0","0"
"/ControlRig/Controls/ControlRigXRayMaterial.ControlRigXRayMaterial","0","0","7","1","0.000000","0","0"
"/HairStrands/Materials/HairMeshesDefaultMaterial.HairMeshesDefaultMaterial","0","0","36","1","0.000000","0","0"
"/Engine/EngineDebugMaterials/DebugEditorMaterial.DebugEditorMaterial","0","0","6","1","0.000000","0","0"
"/Engine/VREditor/TransformGizmo/Xray.Xray","0","0","3","1","0.000000","0","0"
"/Engine/EngineMaterials/DefaultLightFunctionMaterial.DefaultLightFunctionMaterial","0","0","25","1","0.000000","0","0"
"/HairStrands/Materials/HairCardsDefaultMaterial.HairCardsDefaultMaterial","0","0","63","1","0.000000","0","0"
"/HairStrands/Materials/HairDefaultMaterial.HairDefaultMaterial","0","0","36","1","0.000000","0","0"
"/Engine/EditorLandscapeResources/SplineEditorMeshMat.SplineEditorMeshMat","0","0","12","1","0.000000","0","0"
"/Engine/EngineDebugMaterials/M_SimpleUnlitTranslucent.M_SimpleUnlitTranslucent","0","0","3","1","0.000000","0","0"
"/Engine/EditorMaterials/Camera/CineMat.CineMat","0","0","6","1","0.000000","0","0"
"/Engine/VREditor/TransformGizmo/TranslucentTransformGizmoMaterial.TranslucentTransformGizmoMaterial","0","0","3","1","0.000000","0","0"
"/Engine/VREditor/TransformGizmo/Main.Main","0","0","3","1","0.000000","0","0"
"/Paper2D/DefaultSpriteMaterial.DefaultSpriteMaterial","0","0","42","2","0.000000","0","0"
"/Engine/EngineMaterials/FlattenMaterial_WS_Normal_VT.FlattenMaterial_WS_Normal_VT","0","0","6","1","0.000000","0","0"
"/Engine/EngineMaterials/FlattenMaterial_VT.FlattenMaterial_VT","0","0","6","1","0.000000","0","0"
"/Engine/EngineMaterials/FlattenMaterial.FlattenMaterial","0","0","9","1","0.000000","0","0"
"/Engine/EngineMaterials/M_InvalidLightmapSettings.M_InvalidLightmapSettings","0","0","6","1","0.000000","0","0"
"/Engine/EngineMaterials/EmissiveMeshMaterial.EmissiveMeshMaterial","0","0","10","1","0.000000","0","0"
"/Engine/EngineMaterials/PhAT_JointLimitMaterial.PhAT_JointLimitMaterial","0","0","7","1","0.000000","0","0"
"/ControlRig/M_Manip.M_Manip","0","0","7","1","0.000000","0","0"
"/Game/StarterContent/Particles/Materials/m_flare_01.m_flare_01","0","0","12","1","0.000000","0","0"
"/Engine/EngineSky/VolumetricClouds/m_SimpleVolumetricCloud.m_SimpleVolumetricCloud","0","0","88","1","0.000000","0","0"
"/Engine/VREditor/TransformGizmo/TransformGizmoMaterial.TransformGizmoMaterial","0","0","2","1","0.000000","0","0"
"/Engine/EngineDebugMaterials/M_VolumeRenderSphereTracePP.M_VolumeRenderSphereTracePP","0","0","5","1","0.000000","0","0"
"/Engine/EngineMaterials/Widget3DPassThrough.Widget3DPassThrough","0","0","46","6","0.000000","0","3"
"/HairStrands/Materials/HairDebugMaterial.HairDebugMaterial","0","0","63","1","0.000000","0","0"
"/Engine/EngineSky/M_SimpleSkyDome.M_SimpleSkyDome","0","0","2","1","0.000000","0","0"
"/Niagara/DefaultAssets/DefaultSpriteMaterial.DefaultSpriteMaterial","0","0","35","1","0.000000","0","0"
"/Engine/EngineMaterials/DefaultPostProcessMaterial.DefaultPostProcessMaterial","0","0","7","1","0.000000","0","0"
"/Engine/EngineMaterials/DefaultDeferredDecalMaterial.DefaultDeferredDecalMaterial","0","0","33","1","0.000000","0","0"
"/Engine/EngineMaterials/WorldGridMaterial.WorldGridMaterial","0","41","356","1","0.000000","0","88"
"/Engine/EngineMaterials/DefaultTextMaterialOpaque.DefaultTextMaterialOpaque","0","0","16","1","0.000000","0","0"
"/Game/StarterContent/Particles/Materials/M_smoke_subUV.M_smoke_subUV","0","0","18","1","0.000000","0","0"
"/Game/StarterContent/Particles/Materials/M_Heat_Distortion.M_Heat_Distortion","0","0","21","1","0.000000","0","0"
"/AudioWidgets/AudioMaterialSlate/M_AudioMaterialToggleButton.M_AudioMaterialToggleButton","0","0","13","1","0.000000","0","0"
"/AudioWidgets/AudioMaterialSlate/M_AudioMaterialEnvelope_ADSR.M_AudioMaterialEnvelope_ADSR","0","0","25","1","0.000000","0","0"
"/Game/levels/LAVA.LAVA","0","0","3","1","0.000000","0","0"
"/Game/StarterContent/Particles/Materials/M_explosion_subUV.M_explosion_subUV","0","0","9","1","0.000000","0","0"
"/Game/StarterContent/Particles/Materials/M_Fire_SubUV.M_Fire_SubUV","0","0","9","1","0.000000","0","0"
"/Game/StarterContent/Particles/Materials/M_Burst.M_Burst","0","0","15","1","0.000000","0","0"
"/AudioWidgets/AudioMaterialSlate/M_AudioMaterialRoundedSlider.M_AudioMaterialRoundedSlider","0","0","25","1","0.000000","0","0"
"/Engine/VREditor/SnapGrid/SnapGridMaterial.SnapGridMaterial","0","0","10","1","0.000000","0","0"
"/AudioWidgets/AudioMaterialSlate/M_AudioMaterialMeter.M_AudioMaterialMeter","0","0","13","1","0.000000","0","0"
"/AudioWidgets/AudioMaterialSlate/M_AudioMaterialKnob.M_AudioMaterialKnob","0","0","13","1","0.000000","0","0"
"/Engine/EngineMaterials/DefaultMaterial.DefaultMaterial","0","0","24","1","0.000000","0","0"
"/Engine/EditorMaterials/PreviewShadowIndicatorMaterial.PreviewShadowIndicatorMaterial","0","0","25","1","0.000000","0","0"
"/Engine/EngineMaterials/PPM_DefaultCalibrationColor.PPM_DefaultCalibrationColor","0","0","5","1","0.000000","0","0"
"/Engine/EngineMaterials/PPM_DefaultCalibrationGrayscale.PPM_DefaultCalibrationGrayscale","0","0","5","1","0.000000","0","0"
"/Game/StarterContent/Particles/Materials/M_Radial_Gradient.M_Radial_Gradient","0","0","12","1","0.000000","0","0"
"/Game/StarterContent/Particles/Materials/M_radial_ramp.M_radial_ramp","0","0","12","1","0.000000","0","0"
"/Game/Characters/Khignt/Paladin_MAT.Paladin_MAT","0","0","6","1","0.000000","0","0"
"/Engine/EngineSky/M_Sky_Panning_Clouds2.M_Sky_Panning_Clouds2","0","0","2","1","0.000000","0","0"
"/InterchangeAssets/gltf/M_Unlit.M_Unlit","0","0","92","6","0.000000","0","0"
"/Game/Characters/Mannequins/Materials/M_Mannequin.M_Mannequin","0","0","20","2","0.000000","0","20"
"/SpeedTreeImporter/SpeedTree9/SpeedTreeMaster.SpeedTreeMaster","0","0","32","1","0.000000","0","0"
"/SpeedTreeImporter/SpeedTree9/SpeedTreeBillboardMaster.SpeedTreeBillboardMaster","0","0","32","1","0.000000","0","0"
"/Game/StarterContent/Materials/M_Ground_Moss.M_Ground_Moss","0","3","3","1","2.613672","0","3"
"/Game/StarterContent/Materials/M_Metal_Burnished_Steel.M_Metal_Burnished_Steel","0","3","3","1","3.643246","0","3"
"/Game/StarterContent/Materials/M_Ceramic_Tile_Checker.M_Ceramic_Tile_Checker","0","3","3","1","2.595055","0","3"
"/Game/StarterContent/Props/Materials/M_Chair.M_Chair","0","3","3","1","3.306971","0","3"
"/Game/StarterContent/Materials/M_Water_Ocean.M_Water_Ocean","0","3","3","1","4.136744","0","3"
"/Game/StarterContent/Blueprints/Assets/M_LightStage_Skybox_Master.M_LightStage_Skybox_Master","0","4","4","2","3.546908","0","4"
"/Game/Characters/Mannequin_UE4/Materials/M_MannequinUE4_Body.M_MannequinUE4_Body","0","56","64","2","77.277023","0","64"
"/Game/StarterContent/Materials/M_Metal_Copper.M_Metal_Copper","0","3","3","1","3.239392","0","3"
"/Game/StarterContent/Materials/M_Metal_Gold.M_Metal_Gold","0","3","3","1","3.146268","0","3"
"/Engine/EditorMaterials/Thumbnails/SkySphereMaterial.SkySphereMaterial","0","3","3","1","3.106242","0","3"
"/Game/StarterContent/Props/Materials/M_Rock.M_Rock","0","3","3","1","3.945528","0","3"
"/InterchangeAssets/gltf/M_SpecularGlossiness.M_SpecularGlossiness","0","0","112","6","0.000000","0","0"
"/InterchangeAssets/gltf/M_ClearCoat.M_ClearCoat","0","0","128","6","0.000000","0","0"
"/InterchangeAssets/gltf/M_Sheen.M_Sheen","0","0","112","6","0.000000","0","0"
"/InterchangeAssets/gltf/M_Transmission.M_Transmission","0","0","28","2","0.000000","0","0"
"/InterchangeAssets/gltf/M_Default.M_Default","0","0","146","7","0.000000","0","54"
"/Game/StarterContent/Materials/M_Concrete_Poured.M_Concrete_Poured","0","3","3","1","3.277171","0","3"
"/Game/StarterContent/Props/Materials/M_Bush.M_Bush","0","14","16","1","21.958065","0","16"
"/Game/StarterContent/Materials/M_Brick_Clay_New.M_Brick_Clay_New","0","3","3","1","3.696010","0","3"
"/Game/StarterContent/Materials/M_Brick_Hewn_Stone.M_Brick_Hewn_Stone","0","3","3","1","2.496725","0","3"
"/Game/StarterContent/Materials/M_Metal_Rust.M_Metal_Rust","0","3","3","1","4.436533","0","3"
"/Engine/EngineMaterials/AntiAliasedTextMaterialTranslucent.AntiAliasedTextMaterialTranslucent","0","8","8","1","11.958719","0","8"
"/Game/StarterContent/Materials/M_Metal_Steel.M_Metal_Steel","0","3","3","1","2.679125","0","3"
"/Game/StarterContent/Props/Materials/M_Door.M_Door","0","3","3","1","3.280821","0","3"
"/Game/StarterContent/Particles/Materials/M_Dust_Particle.M_Dust_Particle","0","24","24","1","27.679230","0","24"
"/Game/StarterContent/Materials/M_Brick_Cut_Stone.M_Brick_Cut_Stone","0","3","3","1","3.333631","0","3"
"/Game/StarterContent/Materials/M_ColorGrid_LowSpec.M_ColorGrid_LowSpec","0","3","3","1","3.349904","0","3"
"/Game/StarterContent/Materials/M_Wood_Floor_Walnut_Worn.M_Wood_Floor_Walnut_Worn","0","3","3","1","4.285814","0","3"
"/Game/StarterContent/Materials/M_Tech_Hex_Tile.M_Tech_Hex_Tile","0","3","3","1","4.294217","0","3"
"/Engine/EditorMeshes/ColorCalibrator/M_ColorGrid.M_ColorGrid","0","6","6","1","4.344057","0","6"
"/Game/StarterContent/Materials/M_Concrete_Grime.M_Concrete_Grime","0","3","3","1","4.279102","0","3"
"/Game/StarterContent/Materials/M_Concrete_Tiles.M_Concrete_Tiles","0","3","3","1","3.905106","0","3"
"/Game/StarterContent/Materials/M_Brick_Clay_Beveled.M_Brick_Clay_Beveled","0","3","3","1","2.951362","0","3"
"/Game/StarterContent/Materials/M_Rock_Basalt.M_Rock_Basalt","0","3","3","1","2.792958","0","3"
"/Game/StarterContent/Materials/M_Rock_Slate.M_Rock_Slate","0","3","3","1","1.912003","0","3"
"/Game/StarterContent/Materials/M_Tech_Hex_Tile_Pulse.M_Tech_Hex_Tile_Pulse","0","3","3","1","3.552229","0","3"
"/Game/StarterContent/Materials/M_Ground_Gravel.M_Ground_Gravel","0","3","3","1","3.561127","0","3"
"/Game/StarterContent/Materials/M_Tech_Checker_Dot.M_Tech_Checker_Dot","0","3","3","1","3.823430","0","3"
"/Game/StarterContent/Materials/M_CobbleStone_Pebble.M_CobbleStone_Pebble","0","3","3","1","3.578555","0","3"
"/Game/StarterContent/Materials/M_CobbleStone_Rough.M_CobbleStone_Rough","0","3","3","1","4.233199","0","3"
"/Game/StarterContent/Materials/M_CobbleStone_Smooth.M_CobbleStone_Smooth","0","3","3","1","4.162143","0","3"
"/Game/StarterContent/Materials/M_Concrete_Panels.M_Concrete_Panels","0","3","3","1","3.802251","0","3"
"/Game/StarterContent/Materials/M_Tech_Panel.M_Tech_Panel","0","3","3","1","4.095651","0","3"
"/Game/StarterContent/Materials/M_Wood_Oak.M_Wood_Oak","0","3","3","1","2.875528","0","3"
"/Game/StarterContent/Props/Materials/M_Frame.M_Frame","0","3","3","1","3.945070","0","3"
"/Game/StarterContent/Props/Materials/M_Statue.M_Statue","0","3","3","1","4.215219","0","3"
"/Game/StarterContent/Props/Materials/M_Lamp.M_Lamp","0","3","3","1","4.339757","0","3"
"/Game/StarterContent/Materials/M_Metal_Brushed_Nickel.M_Metal_Brushed_Nickel","0","3","3","1","4.209807","0","3"
"/Game/StarterContent/Materials/M_Ground_Grass.M_Ground_Grass","0","3","3","1","4.487092","0","3"
"/Game/StarterContent/Materials/M_Rock_Sandstone.M_Rock_Sandstone","0","3","3","1","4.549833","0","3"
"/Game/StarterContent/Materials/M_Wood_Pine.M_Wood_Pine","0","3","3","1","3.269436","0","3"
"/Game/StarterContent/Materials/M_Wood_Walnut.M_Wood_Walnut","0","3","3","1","3.145115","0","3"
"/Game/StylizedRocksLite_JC/Materials/M_StylizedRocks_01.M_StylizedRocks_01","0","3","0","1","0.000000","0","0"
"/Game/StarterContent/Materials/M_Metal_Chrome.M_Metal_Chrome","0","3","3","1","3.478065","0","3"
"/Game/StarterContent/Props/Materials/M_Shelf.M_Shelf","0","3","3","1","4.511854","0","3"
"/Game/StarterContent/Materials/M_Water_Lake.M_Water_Lake","0","3","3","1","4.420862","0","3"
"/Game/StarterContent/Materials/M_Wood_Floor_Walnut_Polished.M_Wood_Floor_Walnut_Polished","0","3","0","1","0.000000","0","0"
"/Game/StarterContent/Particles/Materials/M_Spark.M_Spark","0","9","0","1","0.000000","0","0"
"/Game/StarterContent/Props/Materials/M_StatueGlass.M_StatueGlass","0","8","0","1","0.000000","0","0"
"/Game/Stylized_Rocks/Materials/MM_Stylized_Rocks.MM_Stylized_Rocks","0","3","3","1","3.959320","0","3"
"/Game/StarterContent/Materials/M_Rock_Marble_Polished.M_Rock_Marble_Polished","0","3","3","1","3.722715","0","3"
"/Game/StarterContent/Props/Materials/M_TableRound.M_TableRound","0","3","3","1","2.650213","0","3"
"/Game/StylizedRocksLite_JC/Materials/M_StylizedRocks_BG.M_StylizedRocks_BG","49","8","8","1","21.315941","0","8"
"/Game/StarterContent/Materials/M_Basic_Floor.M_Basic_Floor","49","8","8","1","15.362761","0","8"
"/Game/StarterContent/Blueprints/Assets/M_LightStage_Arrows.M_LightStage_Arrows","49","7","7","1","11.445672","0","7"
"/Game/StarterContent/Materials/M_Basic_Wall.M_Basic_Wall","49","8","8","1","0.000000","0","8"
"/Game/StarterContent/Materials/M_Cubo_Translucido.M_Cubo_Translucido","49","11","11","1","0.000000","0","11"
"/Game/StarterContent/Materials/M_Glass.M_Glass","49","17","17","1","17.729364","0","17"
"/Game/StarterContent/Materials/M_AssetPlatform.M_AssetPlatform","49","8","8","1","12.692122","0","8"
"/Game/levels/Brillante.Brillante","49","8","8","1","0.000000","0","8"
"/Engine/EditorMeshes/ColorCalibrator/M_ClearCoatBlack.M_ClearCoatBlack","49","8","8","1","18.086754","0","8"
"/Engine/EditorMeshes/ColorCalibrator/M_ChromeBall.M_ChromeBall","49","11","11","1","23.449318","0","11"
"/Engine/EditorMeshes/ColorCalibrator/M_ClearCoat.M_ClearCoat","49","8","8","1","20.956676","0","8"
"/Engine/EditorMeshes/ColorCalibrator/M_GreyBall.M_GreyBall","49","11","11","1","20.656187","0","11"
"/Game/StarterContent/Materials/M_Metal_Copper.M_Metal_Copper","49","8","8","1","22.388832","0","8"
"/Game/StarterContent/Materials/M_Metal_Gold.M_Metal_Gold","49","8","8","1","25.591476","0","8"
"/Game/StarterContent/Materials/M_Ground_Moss.M_Ground_Moss","49","8","8","1","17.585438","0","8"
"/Game/StarterContent/Materials/M_Metal_Steel.M_Metal_Steel","49","8","8","1","12.627614","0","8"
"/Game/StarterContent/Materials/M_Rock_Basalt.M_Rock_Basalt","49","8","8","1","11.193642","0","8"
"/Game/StarterContent/Materials/M_Rock_Sandstone.M_Rock_Sandstone","49","8","8","1","11.233474","0","8"
"/Game/StarterContent/Materials/M_Rock_Slate.M_Rock_Slate","49","8","8","1","11.335437","0","8"
"/Game/StarterContent/Materials/M_Tech_Hex_Tile_Pulse.M_Tech_Hex_Tile_Pulse","49","8","8","1","15.882739","0","8"
"/Game/StarterContent/Materials/M_Tech_Panel.M_Tech_Panel","49","8","8","1","10.912541","0","8"
"/Game/StarterContent/Materials/M_Wood_Oak.M_Wood_Oak","49","8","8","1","10.478284","0","8"
"/Game/StarterContent/Materials/M_Wood_Pine.M_Wood_Pine","49","8","8","1","8.960020","0","8"
"/Game/StarterContent/Materials/M_Wood_Walnut.M_Wood_Walnut","49","8","8","1","7.262127","0","8"
"/Game/StarterContent/Materials/M_Rock_Marble_Polished.M_Rock_Marble_Polished","49","8","8","1","8.863580","0","8"
"/Game/StarterContent/Materials/M_Water_Lake.M_Water_Lake","49","8","8","1","9.569662","0","8"
"/Game/StarterContent/Materials/M_Wood_Floor_Walnut_Polished.M_Wood_Floor_Walnut_Polished","49","8","8","1","8.832285","0","0"
"/Game/StarterContent/Props/Materials/M_Shelf.M_Shelf","49","8","8","1","15.240991","0","8"
"/Game/StarterContent/Particles/Materials/M_Spark.M_Spark","49","14","14","1","8.780410","0","0"
"/Game/StarterContent/Props/Materials/M_Statue.M_Statue","49","8","8","1","8.573280","0","8"
"/Game/StarterContent/Props/Materials/M_StatueGlass.M_StatueGlass","49","17","17","1","21.537212","0","0"
"/Game/StarterContent/Props/Materials/M_TableRound.M_TableRound","49","13","13","1","26.153931","0","13"
"/Game/StylizedRocksLite_JC/Materials/M_StylizedRocks_01.M_StylizedRocks_01","49","8","8","1","7.349951","0","0"
"/Game/Stylized_Rocks/Materials/MM_Stylized_Rocks.MM_Stylized_Rocks","49","13","13","1","22.856485","0","13"
"/Game/StarterContent/Props/Materials/M_Lamp.M_Lamp","49","8","8","1","14.540055","0","8"
"/Game/StarterContent/Materials/M_Metal_Brushed_Nickel.M_Metal_Brushed_Nickel","49","8","8","1","8.882056","0","8"
"/Game/StarterContent/Materials/M_Metal_Burnished_Steel.M_Metal_Burnished_Steel","49","8","8","1","11.432214","0","8"
"/Game/StarterContent/Materials/M_Metal_Chrome.M_Metal_Chrome","49","8","8","1","8.776615","0","8"
"/Game/StarterContent/Props/Materials/M_Frame.M_Frame","49","8","8","1","4.068744","0","8"
"/Game/StarterContent/Materials/M_Ground_Grass.M_Ground_Grass","49","8","8","1","12.467365","0","8"
"/Game/StarterContent/Materials/M_Ground_Gravel.M_Ground_Gravel","49","8","8","1","9.897652","0","8"
"/Game/StarterContent/Materials/M_Brick_Clay_Old.M_Brick_Clay_Old","49","8","8","1","0.000000","0","8"
"/Game/StarterContent/Materials/M_Tech_Checker_Dot.M_Tech_Checker_Dot","49","8","8","1","9.077667","0","8"
"/Game/StarterContent/Materials/M_CobbleStone_Pebble.M_CobbleStone_Pebble","49","8","8","1","3.713570","0","8"
"/Game/StarterContent/Materials/M_CobbleStone_Rough.M_CobbleStone_Rough","49","8","8","1","11.298629","0","8"
"/Game/StarterContent/Materials/M_CobbleStone_Smooth.M_CobbleStone_Smooth","49","8","8","1","4.147426","0","8"
"/Game/StarterContent/Materials/M_Concrete_Grime.M_Concrete_Grime","49","8","8","1","11.641164","0","8"
"/Game/StarterContent/Materials/M_Concrete_Panels.M_Concrete_Panels","49","8","8","1","15.165848","0","8"
"/Game/StarterContent/Materials/M_Concrete_Poured.M_Concrete_Poured","49","8","8","1","12.478640","0","8"
"/Game/StarterContent/Materials/M_Concrete_Tiles.M_Concrete_Tiles","49","8","8","1","10.868153","0","8"
"/Game/StarterContent/Props/Materials/M_Door.M_Door","49","8","8","1","4.212764","0","8"
"/Game/StarterContent/Particles/Materials/M_Dust_Particle.M_Dust_Particle","49","29","29","1","40.771305","0","29"
"/Game/StarterContent/Materials/M_Brick_Clay_Beveled.M_Brick_Clay_Beveled","49","8","8","1","10.490265","0","8"
"/Game/StarterContent/Materials/M_Brick_Clay_New.M_Brick_Clay_New","49","8","8","1","4.665293","0","8"
"/Game/StarterContent/Materials/M_Brick_Cut_Stone.M_Brick_Cut_Stone","49","8","8","1","12.358500","0","8"
"/Game/StarterContent/Materials/M_Brick_Hewn_Stone.M_Brick_Hewn_Stone","49","8","8","1","14.170848","0","8"
"/Game/StarterContent/Props/Materials/M_Bush.M_Bush","49","21","23","1","45.294258","0","23"
"/Game/StarterContent/Materials/M_Ceramic_Tile_Checker.M_Ceramic_Tile_Checker","49","8","8","1","16.178680","0","8"
"/Game/StarterContent/Props/Materials/M_Chair.M_Chair","49","13","13","1","41.003529","0","13"
"/Game/StarterContent/Blueprints/Assets/M_LightStage_Skybox_Master.M_LightStage_Skybox_Master","49","14","14","2","20.334614","0","14"
"/Game/StarterContent/Props/Materials/M_Rock.M_Rock","49","8","8","1","13.369597","0","8"
"/Game/StarterContent/Materials/M_Metal_Rust.M_Metal_Rust","49","8","8","1","13.371910","0","8"
"/Game/StarterContent/Materials/M_Tech_Hex_Tile.M_Tech_Hex_Tile","49","8","8","1","10.857540","0","8"
"/Game/StarterContent/Materials/M_Water_Ocean.M_Water_Ocean","49","8","8","1","16.078224","0","8"
"/Game/StarterContent/Materials/M_ColorGrid_LowSpec.M_ColorGrid_LowSpec","49","8","8","1","10.178411","0","8"
"/Game/StarterContent/Materials/M_Wood_Floor_Walnut_Worn.M_Wood_Floor_Walnut_Worn","49","8","8","1","16.127569","0","8"
"/Engine/EditorMeshes/ColorCalibrator/M_ColorGrid.M_ColorGrid","49","11","11","1","2.568956","0","11"
"/Game/Fab/Door/Handles.Handles","49","13","13","1","0.000000","0","13"
"/Engine/EngineMaterials/AntiAliasedTextMaterialTranslucent.AntiAliasedTextMaterialTranslucent","49","13","13","1","17.818619","0","13"
"/Game/Fab/Door/Wood_002.Wood_002","49","13","13","1","0.000000","0","13"
"/Game/Characters/Mannequin_UE4/Materials/M_MannequinUE4_Body.M_MannequinUE4_Body","49","74","82","2","83.012466","0","82"
"/Fab/Materials/Standard/M_MS_Base.M_MS_Base","49","23","24","1","0.000000","23","288"
"/Fab/Materials/Standard/M_MS_Base_Fuzz.M_MS_Base_Fuzz","49","18","19","1","0.000000","18","57"
"/Engine/EditorMaterials/Thumbnails/SkySphereMaterial.SkySphereMaterial","49","8","8","1","4.123209","0","8"
"/Engine/EngineMaterials/WorldGridMaterial.WorldGridMaterial","49","609","1016","1","0.000000","0","1224"
"/MeshModelingToolset/Materials/M_DynamicMeshComponentVtxColor.M_DynamicMeshComponentVtxColor","49","0","14","1","0.000000","0","0"
"/ControlRig/Controls/ControlRigGizmoMaterial.ControlRigGizmoMaterial","49","0","7","1","0.000000","0","0"
"/Engine/EditorMaterials/PhAT_UnselectedMaterial.PhAT_UnselectedMaterial","49","0","8","1","0.000000","0","0"
"/Engine/EngineMaterials/GizmoMaterial.GizmoMaterial","49","0","11","1","0.000000","0","0"
"/Engine/EngineDebugMaterials/DebugMeshMaterial.DebugMeshMaterial","49","0","10","1","0.000000","0","0"
"/Engine/EditorMaterials/Dataflow/DataflowTwoSidedVertexMaterial.DataflowTwoSidedVertexMaterial","49","0","19","1","0.000000","0","0"
"/Engine/EditorMaterials/Dataflow/DataflowVertexMaterial.DataflowVertexMaterial","49","0","11","1","0.000000","0","0"
"/Engine/BasicShapes/BasicShapeMaterial.BasicShapeMaterial","49","0","27","1","0.000000","0","0"
"/Engine/EditorMaterials/PhAT_NoCollisionMaterial.PhAT_NoCollisionMaterial","49","0","8","1","0.000000","0","0"
"/Engine/EngineMaterials/RemoveSurfaceMaterial.RemoveSurfaceMaterial","49","0","7","1","0.000000","0","0"
"/Engine/EngineMaterials/NaniteHiddenSectionMaterial.NaniteHiddenSectionMaterial","49","0","21","1","0.000000","0","0"
"/ControlRig/Controls/ControlRigXRayMaterial.ControlRigXRayMaterial","49","0","12","1","0.000000","0","0"
"/HairStrands/Materials/HairMeshesDefaultMaterial.HairMeshesDefaultMaterial","49","0","45","1","0.000000","0","0"
"/Engine/EngineDebugMaterials/DebugEditorMaterial.DebugEditorMaterial","49","0","11","1","0.000000","0","0"
"/Engine/VREditor/TransformGizmo/Xray.Xray","49","0","8","1","0.000000","0","0"
"/Engine/EngineMaterials/DefaultLightFunctionMaterial.DefaultLightFunctionMaterial","49","0","67","1","0.000000","0","0"
"/HairStrands/Materials/HairCardsDefaultMaterial.HairCardsDefaultMaterial","49","0","78","1","0.000000","0","0"
"/HairStrands/Materials/HairDefaultMaterial.HairDefaultMaterial","49","0","45","1","0.000000","0","0"
"/Engine/EditorLandscapeResources/SplineEditorMeshMat.SplineEditorMeshMat","49","0","24","1","0.000000","0","0"
"/Engine/EngineDebugMaterials/M_SimpleUnlitTranslucent.M_SimpleUnlitTranslucent","49","0","8","1","0.000000","0","0"
"/Engine/EditorMaterials/Camera/CineMat.CineMat","49","0","14","1","0.000000","0","0"
"/Engine/VREditor/TransformGizmo/TranslucentTransformGizmoMaterial.TranslucentTransformGizmoMaterial","49","0","8","1","0.000000","0","0"
"/Engine/VREditor/TransformGizmo/Main.Main","49","0","8","1","0.000000","0","0"
"/Paper2D/DefaultSpriteMaterial.DefaultSpriteMaterial","49","0","62","2","0.000000","0","0"
"/Engine/EngineMaterials/FlattenMaterial_WS_Normal_VT.FlattenMaterial_WS_Normal_VT","49","0","16","1","0.000000","0","0"
"/Engine/EngineMaterials/FlattenMaterial_VT.FlattenMaterial_VT","49","0","16","1","0.000000","0","0"
"/Engine/EngineMaterials/FlattenMaterial.FlattenMaterial","49","0","22","1","0.000000","0","0"
"/Engine/EngineMaterials/M_InvalidLightmapSettings.M_InvalidLightmapSettings","49","0","16","1","0.000000","0","0"
"/Engine/EngineMaterials/EmissiveMeshMaterial.EmissiveMeshMaterial","49","0","17","1","0.000000","0","0"
"/Engine/EngineMaterials/PhAT_JointLimitMaterial.PhAT_JointLimitMaterial","49","0","12","1","0.000000","0","0"
"/ControlRig/M_Manip.M_Manip","49","0","12","1","0.000000","0","0"
"/Game/StarterContent/Particles/Materials/m_flare_01.m_flare_01","49","0","17","1","0.000000","0","0"
"/Engine/EngineSky/VolumetricClouds/m_SimpleVolumetricCloud.m_SimpleVolumetricCloud","49","0","92","1","0.000000","0","0"
"/Engine/VREditor/TransformGizmo/TransformGizmoMaterial.TransformGizmoMaterial","49","0","7","1","0.000000","0","0"
"/Engine/EngineDebugMaterials/M_VolumeRenderSphereTracePP.M_VolumeRenderSphereTracePP","49","0","7","1","0.000000","0","0"
"/Engine/EngineMaterials/Widget3DPassThrough.Widget3DPassThrough","49","0","80","6","0.000000","0","8"
"/HairStrands/Materials/HairDebugMaterial.HairDebugMaterial","49","0","78","1","0.000000","0","0"
"/Engine/EngineSky/M_SimpleSkyDome.M_SimpleSkyDome","49","0","7","1","0.000000","0","0"
"/Game/LevelPrototyping/Materials/M_Solid.M_Solid","49","0","11","1","0.000000","0","0"
"/Niagara/DefaultAssets/DefaultSpriteMaterial.DefaultSpriteMaterial","49","0","46","1","0.000000","0","0"
"/Engine/EngineMaterials/DefaultPostProcessMaterial.DefaultPostProcessMaterial","49","0","9","1","0.000000","0","0"
"/Engine/EngineMaterials/DefaultDeferredDecalMaterial.DefaultDeferredDecalMaterial","49","0","40","1","0.000000","0","0"
"/Engine/EngineMaterials/DefaultTextMaterialOpaque.DefaultTextMaterialOpaque","49","0","23","1","0.000000","0","0"
"/Game/StarterContent/Particles/Materials/M_smoke_subUV.M_smoke_subUV","49","0","23","1","0.000000","0","0"
"/Game/StarterContent/Particles/Materials/M_Heat_Distortion.M_Heat_Distortion","49","0","26","1","0.000000","0","0"
"/AudioWidgets/AudioMaterialSlate/M_AudioMaterialToggleButton.M_AudioMaterialToggleButton","49","0","15","1","0.000000","0","0"
"/AudioWidgets/AudioMaterialSlate/M_AudioMaterialEnvelope_ADSR.M_AudioMaterialEnvelope_ADSR","49","0","29","1","0.000000","0","0"
"/Game/levels/LAVA.LAVA","49","0","8","1","0.000000","0","0"
"/Game/StarterContent/Particles/Materials/M_explosion_subUV.M_explosion_subUV","49","0","14","1","0.000000","0","0"
"/Game/StarterContent/Particles/Materials/M_Fire_SubUV.M_Fire_SubUV","49","0","14","1","0.000000","0","0"
"/Game/StarterContent/Particles/Materials/M_Burst.M_Burst","49","0","20","1","0.000000","0","0"
"/AudioWidgets/AudioMaterialSlate/M_AudioMaterialRoundedSlider.M_AudioMaterialRoundedSlider","49","0","29","1","0.000000","0","0"
"/Engine/VREditor/SnapGrid/SnapGridMaterial.SnapGridMaterial","49","0","18","1","0.000000","0","0"
"/AudioWidgets/AudioMaterialSlate/M_AudioMaterialMeter.M_AudioMaterialMeter","49","0","15","1","0.000000","0","0"
"/AudioWidgets/AudioMaterialSlate/M_AudioMaterialKnob.M_AudioMaterialKnob","49","0","15","1","0.000000","0","0"
"/Engine/EngineMaterials/DefaultMaterial.DefaultMaterial","49","0","45","1","0.000000","0","0"
"/Engine/EditorMaterials/PreviewShadowIndicatorMaterial.PreviewShadowIndicatorMaterial","49","0","67","1","0.000000","0","0"
"/Engine/EngineMaterials/PPM_DefaultCalibrationColor.PPM_DefaultCalibrationColor","49","0","7","1","0.000000","0","0"
"/Engine/EngineMaterials/PPM_DefaultCalibrationGrayscale.PPM_DefaultCalibrationGrayscale","49","0","7","1","0.000000","0","0"
"/Game/StarterContent/Particles/Materials/M_Radial_Gradient.M_Radial_Gradient","49","0","17","1","0.000000","0","0"
"/Game/StarterContent/Particles/Materials/M_radial_ramp.M_radial_ramp","49","0","17","1","0.000000","0","0"
"/Game/Characters/Khignt/Paladin_MAT.Paladin_MAT","49","0","11","1","0.000000","0","0"
"/Engine/EngineSky/M_Sky_Panning_Clouds2.M_Sky_Panning_Clouds2","49","0","7","1","0.000000","0","0"
"/InterchangeAssets/gltf/M_Unlit.M_Unlit","49","0","212","6","0.000000","0","0"
"/Game/Characters/Mannequins/Materials/M_Mannequin.M_Mannequin","49","0","30","2","0.000000","0","30"
"/Game/LevelPrototyping/Materials/M_PrototypeGrid.M_PrototypeGrid","49","0","24","3","0.000000","0","8"
"/SpeedTreeImporter/SpeedTree9/SpeedTreeMaster.SpeedTreeMaster","49","0","46","1","0.000000","0","0"
"/SpeedTreeImporter/SpeedTree9/SpeedTreeBillboardMaster.SpeedTreeBillboardMaster","49","0","46","1","0.000000","0","0"
"/InterchangeAssets/gltf/M_SpecularGlossiness.M_SpecularGlossiness","49","0","166","6","0.000000","0","0"
"/InterchangeAssets/gltf/M_ClearCoat.M_ClearCoat","49","0","182","6","0.000000","0","0"
"/InterchangeAssets/gltf/M_Sheen.M_Sheen","49","0","166","6","0.000000","0","0"
"/InterchangeAssets/gltf/M_Transmission.M_Transmission","49","0","54","2","0.000000","0","0"
"/InterchangeAssets/gltf/M_Default.M_Default","49","0","205","7","0.000000","0","69"
